Workbook

Sheet 每日数据
A1: 日期 | B1: 北京天气(1-10) | C1: 上海天气(1-10) | D1: 深圳天气(1-10) | E1: 北京股市(北证50) | F1: 上海股市(上证指数) | G1: 深圳股市(深证成指) | H1: 天气均值 | I1: 股市均值 | J1: 备注 | L1: ← 左侧即「每日数据总表」：每行一天
A2: 46162 | B2: 7 | C2: 4 | D2: 5 | E2: 3 | F2: 4 | G2: 5 | H2: =IF($A2="","",AVERAGE(B2:D2)) | I2: =IF($A2="","",AVERAGE(E2:G2)) | J2: 研究首日：天气与股市情绪不完全同步的样本日 | L2: 在表格最下方空行续填即可
H3: =IF($A3="","",AVERAGE(B3:D3)) | I3: =IF($A3="","",AVERAGE(E3:G3)) | L3: 折线图见「走势图」标签页
H4: =IF($A4="","",AVERAGE(B4:D4)) | I4: =IF($A4="","",AVERAGE(E4:G4))
H5: =IF($A5="","",AVERAGE(B5:D5)) | I5: =IF($A5="","",AVERAGE(E5:G5))
H6: =IF($A6="","",AVERAGE(B6:D6)) | I6: =IF($A6="","",AVERAGE(E6:G6))
H7: =IF($A7="","",AVERAGE(B7:D7)) | I7: =IF($A7="","",AVERAGE(E7:G7))
H8: =IF($A8="","",AVERAGE(B8:D8)) | I8: =IF($A8="","",AVERAGE(E8:G8))
H9: =IF($A9="","",AVERAGE(B9:D9)) | I9: =IF($A9="","",AVERAGE(E9:G9))
H10: =IF($A10="","",AVERAGE(B10:D10)) | I10: =IF($A10="","",AVERAGE(E10:G10))
H11: =IF($A11="","",AVERAGE(B11:D11)) | I11: =IF($A11="","",AVERAGE(E11:G11))
H12: =IF($A12="","",AVERAGE(B12:D12)) | I12: =IF($A12="","",AVERAGE(E12:G12))
H13: =IF($A13="","",AVERAGE(B13:D13)) | I13: =IF($A13="","",AVERAGE(E13:G13))
H14: =IF($A14="","",AVERAGE(B14:D14)) | I14: =IF($A14="","",AVERAGE(E14:G14))
H15: =IF($A15="","",AVERAGE(B15:D15)) | I15: =IF($A15="","",AVERAGE(E15:G15))
... H2000: =IF($A2000="","",AVERAGE(B2000:D2000)) | I2000: =IF($A2000="","",AVERAGE(E2000:G2000))

Sheet 走势图
A50: 说明：上图数据来自「每日数据」表，保存工作簿后自动更新。

Sheet 统计检验
A1: 假设检验（H₀：同城天气与同城股市无线性相关；α=0.05）
A3: 有效样本量 n（已填写日期的行数） | B3: =COUNTA('每日数据'!$A$2:$A$2000)
A4: 说明 | B4: 建议 n≥30 再解读；n<3 显示「数据不足」。同城配对：北京↔北证、上海↔上证、深圳↔深证。
A6: 检验配对 | B6: Pearson r | C6: t 统计量 | D6: 双侧 p 值 | E6: α=0.05 结论 | F6: |r| 效应量
A7: 北京：天气 ↔ 股市 | B7: =IF($B$3<3,"—",CORREL('每日数据'!$B$2:$B$2000,'每日数据'!$E$2:$E$2000)) | C7: =IF($B$3<3,"—",ABS(B7)*SQRT($B$3-2)/SQRT(1-B7^2)) | D7: =IF($B$3<3,"—",T.DIST.2T(C7,$B$3-2)) | E7: =IF($B$3<3,"数据不足",IF(D7<0.05,"拒绝 H₀（p<0.05）","不能拒绝 H₀")) | F7: =IF($B$3<3,"—",IF(ABS(B7)<0.3,"弱",IF(ABS(B7)<0.5,"中等","较强")))
A8: 上海：天气 ↔ 股市 | B8: =IF($B$3<3,"—",CORREL('每日数据'!$C$2:$C$2000,'每日数据'!$F$2:$F$2000)) | C8: =IF($B$3<3,"—",ABS(B8)*SQRT($B$3-2)/SQRT(1-B8^2)) | D8: =IF($B$3<3,"—",T.DIST.2T(C8,$B$3-2)) | E8: =IF($B$3<3,"数据不足",IF(D8<0.05,"拒绝 H₀（p<0.05）","不能拒绝 H₀")) | F8: =IF($B$3<3,"—",IF(ABS(B8)<0.3,"弱",IF(ABS(B8)<0.5,"中等","较强")))
A9: 深圳：天气 ↔ 股市 | B9: =IF($B$3<3,"—",CORREL('每日数据'!$D$2:$D$2000,'每日数据'!$G$2:$G$2000)) | C9: =IF($B$3<3,"—",ABS(B9)*SQRT($B$3-2)/SQRT(1-B9^2)) | D9: =IF($B$3<3,"—",T.DIST.2T(C9,$B$3-2)) | E9: =IF($B$3<3,"数据不足",IF(D9<0.05,"拒绝 H₀（p<0.05）","不能拒绝 H₀")) | F9: =IF($B$3<3,"—",IF(ABS(B9)<0.3,"弱",IF(ABS(B9)<0.5,"中等","较强")))
A10: 天气三城均值 ↔ 股市三城均值 | B10: =IF($B$3<3,"—",CORREL('每日数据'!$H$2:$H$2000,'每日数据'!$I$2:$I$2000)) | C10: =IF($B$3<3,"—",ABS(B10)*SQRT($B$3-2)/SQRT(1-B10^2)) | D10: =IF($B$3<3,"—",T.DIST.2T(C10,$B$3-2)) | E10: =IF($B$3<3,"数据不足",IF(D10<0.05,"拒绝 H₀（p<0.05）","不能拒绝 H₀")) | F10: =IF($B$3<3,"—",IF(ABS(B10)<0.3,"弱",IF(ABS(B10)<0.5,"中等","较强")))
A13: 3×3 相关矩阵（行=天气，列=股市）
B14: 北京股市 | C14: 上海股市 | D14: 深圳股市
A15: 北京天气 | B15: =IF($B$3<3,"—",CORREL('每日数据'!$B$2:$B$2000,'每日数据'!$E$2:$E$2000)) | C15: =IF($B$3<3,"—",CORREL('每日数据'!$B$2:$B$2000,'每日数据'!$F$2:$F$2000)) | D15: =IF($B$3<3,"—",CORREL('每日数据'!$B$2:$B$2000,'每日数据'!$G$2:$G$2000))
A16: 上海天气 | B16: =IF($B$3<3,"—",CORREL('每日数据'!$C$2:$C$2000,'每日数据'!$E$2:$E$2000)) | C16: =IF($B$3<3,"—",CORREL('每日数据'!$C$2:$C$2000,'每日数据'!$F$2:$F$2000)) | D16: =IF($B$3<3,"—",CORREL('每日数据'!$C$2:$C$2000,'每日数据'!$G$2:$G$2000))
A17: 深圳天气 | B17: =IF($B$3<3,"—",CORREL('每日数据'!$D$2:$D$2000,'每日数据'!$E$2:$E$2000)) | C17: =IF($B$3<3,"—",CORREL('每日数据'!$D$2:$D$2000,'每日数据'!$F$2:$F$2000)) | D17: =IF($B$3<3,"—",CORREL('每日数据'!$D$2:$D$2000,'每日数据'!$G$2:$G$2000))

Sheet 使用说明
A1: 使用说明
A3: 【数据表在哪？】
A4: → 打开文件后，第一个标签页就是「每日数据」。
A5: → 第 1 行是表头，从第 2 行起：一行 = 一个交易日。
A6: → 列顺序：日期 | 北京/上海/深圳 天气 | 北京/上海/深圳 股市 | 均值 | 备注
A8: 【股市列对应哪个指数？】
A9: 北京股市 = 北证50 | 上海股市 = 上证指数 | 深圳股市 = 深证成指
A11: 【每日怎么填？】
A12: 在表格最下方空行填写 1–10 整数，保存即可。
A14: 【图表 / 统计】
A15: 「走势图」= 折线图 | 「统计检验」= 相关与 p 值
A17: 【纯文本备份】
A18: 同文件夹下的 每日数据记录.csv 可用记事本直接查看。
